date,vix,ffeffective_rate
2020-01-01,closed,1.55
2020-01-02,12.47,1.55
2020-01-03,14.02,1.55
2020-01-04,closed,1.55
2020-01-05,closed,1.55
2020-01-06,13.85,1.55
2020-01-07,13.79,1.55
2020-01-08,13.45,1.55
2020-01-09,12.54,1.55
2020-01-10,12.56,1.54
2020-01-11,closed,1.54
2020-01-12,closed,1.54
2020-01-13,12.32,1.54
2020-01-14,12.39,1.54
2020-01-15,12.42,1.54
2020-01-16,12.32,1.54
2020-01-17,12.1,1.55
2020-01-18,closed,1.55
2020-01-19,closed,1.55
2020-01-20,closed,1.55
2020-01-21,12.85,1.55
2020-01-22,12.91,1.55
2020-01-23,12.98,1.55
2020-01-24,14.56,1.55
2020-01-25,closed,1.55
2020-01-26,closed,1.55
2020-01-27,18.23,1.55
2020-01-28,16.28,1.55
2020-01-29,16.39,1.55
2020-01-30,15.49,1.6
2020-01-31,18.84,1.59
2020-02-01,closed,1.59
2020-02-02,closed,1.59
2020-02-03,17.97,1.59
2020-02-04,16.05,1.59
2020-02-05,15.15,1.59
2020-02-06,14.96,1.59
2020-02-07,15.47,1.58
2020-02-08,closed,1.58
2020-02-09,closed,1.58
2020-02-10,15.04,1.58
2020-02-11,15.18,1.58
2020-02-12,13.74,1.58
2020-02-13,14.15,1.58
2020-02-14,13.68,1.58
2020-02-15,closed,1.58
2020-02-16,closed,1.58
2020-02-17,closed,1.58
2020-02-18,14.83,1.59
2020-02-19,14.38,1.59
2020-02-20,15.56,1.59
2020-02-21,17.08,1.58
2020-02-22,closed,1.58
2020-02-23,closed,1.58
2020-02-24,25.03,1.58
2020-02-25,27.85,1.58
2020-02-26,27.56,1.58
2020-02-27,39.16,1.58
2020-02-28,40.11,1.58
2020-02-29,closed,1.58
2020-03-01,closed,1.58
2020-03-02,33.42,1.59
2020-03-03,36.82,1.59
2020-03-04,31.99,1.09
2020-03-05,39.62,1.09
2020-03-06,41.94,1.09
2020-03-07,closed,1.09
2020-03-08,closed,1.09
2020-03-09,54.46,1.09
2020-03-10,47.3,1.09
2020-03-11,53.9,1.09
2020-03-12,75.47,1.1
2020-03-13,57.83,1.1
2020-03-14,closed,1.1
2020-03-15,closed,1.1
2020-03-16,82.69,0.25
2020-03-17,75.91,0.25
2020-03-18,76.45,0.25
2020-03-19,72.0,0.2
2020-03-20,66.04,0.15
2020-03-21,closed,0.15
2020-03-22,closed,0.15
2020-03-23,61.59,0.15
2020-03-24,61.67,0.12
2020-03-25,63.95,0.1
2020-03-26,61.0,0.1
2020-03-27,65.54,0.1
2020-03-28,closed,0.1
2020-03-29,closed,0.1
2020-03-30,57.08,0.09
2020-03-31,53.54,0.08
2020-04-01,57.06,0.06
2020-04-02,50.91,0.05
2020-04-03,46.8,0.05
2020-04-04,closed,0.05
2020-04-05,closed,0.05
2020-04-06,45.24,0.05
2020-04-07,46.7,0.05
2020-04-08,43.35,0.05
2020-04-09,41.67,0.05
2020-04-10,closed,0.05
2020-04-11,closed,0.05
2020-04-12,closed,0.05
2020-04-13,41.17,0.05
2020-04-14,37.76,0.05
2020-04-15,40.84,0.05
2020-04-16,40.11,0.05
2020-04-17,38.15,0.05
2020-04-18,closed,0.05
2020-04-19,closed,0.05
2020-04-20,43.83,0.05
2020-04-21,45.41,0.05
2020-04-22,41.98,0.05
2020-04-23,41.38,0.04
2020-04-24,35.93,0.05
2020-04-25,closed,0.05
2020-04-26,closed,0.05
2020-04-27,33.29,0.04
2020-04-28,33.57,0.04
2020-04-29,31.23,0.04
2020-04-30,34.15,0.05
2020-05-01,37.19,0.05
2020-05-02,closed,0.05
2020-05-03,closed,0.05
2020-05-04,35.97,0.05
2020-05-05,33.61,0.05
2020-05-06,34.12,0.05
2020-05-07,31.44,0.05
2020-05-08,27.98,0.05
2020-05-09,closed,0.05
2020-05-10,closed,0.05
2020-05-11,27.57,0.05
2020-05-12,33.04,0.05
2020-05-13,35.28,0.05
2020-05-14,32.61,0.05
2020-05-15,31.89,0.05
2020-05-16,closed,0.05
2020-05-17,closed,0.05
2020-05-18,29.3,0.05
2020-05-19,30.53,0.05
2020-05-20,27.99,0.05
2020-05-21,29.53,0.05
2020-05-22,28.16,0.05
2020-05-23,closed,0.05
2020-05-24,closed,0.05
2020-05-25,closed,0.05
2020-05-26,28.01,0.05
2020-05-27,27.62,0.05
2020-05-28,28.59,0.05
2020-05-29,27.51,0.05
2020-05-30,closed,0.05
2020-05-31,closed,0.05
2020-06-01,28.23,0.05
2020-06-02,26.84,0.06
2020-06-03,25.66,0.06
2020-06-04,25.81,0.06
2020-06-05,24.52,0.07
2020-06-06,closed,0.07
2020-06-07,closed,0.07
2020-06-08,25.81,0.07
2020-06-09,27.57,0.07
2020-06-10,27.57,0.08
2020-06-11,40.79,0.08
2020-06-12,36.09,0.08
2020-06-13,closed,0.08
2020-06-14,closed,0.08
2020-06-15,34.4,0.09
2020-06-16,33.67,0.09
2020-06-17,33.47,0.09
2020-06-18,32.94,0.09
2020-06-19,35.12,0.09
2020-06-20,closed,0.09
2020-06-21,closed,0.09
2020-06-22,31.77,0.08
2020-06-23,31.37,0.08
2020-06-24,33.84,0.08
2020-06-25,32.22,0.08
2020-06-26,34.73,0.08
2020-06-27,closed,0.08
2020-06-28,closed,0.08
2020-06-29,31.78,0.08
2020-06-30,30.43,0.08
2020-07-01,28.62,0.08
2020-07-02,27.68,0.09
2020-07-03,closed,0.09
2020-07-04,closed,0.09
2020-07-05,closed,0.09
2020-07-06,27.94,0.09
2020-07-07,29.43,0.09
2020-07-08,28.08,0.09
2020-07-09,29.26,0.09
2020-07-10,27.29,0.09
2020-07-11,closed,0.09
2020-07-12,closed,0.09
2020-07-13,32.19,0.09
2020-07-14,29.52,0.09
2020-07-15,27.76,0.1
2020-07-16,28.0,0.1
2020-07-17,25.68,0.09
2020-07-18,closed,0.09
2020-07-19,closed,0.09
2020-07-20,24.46,0.1
2020-07-21,24.84,0.1
2020-07-22,24.32,0.09
2020-07-23,26.08,0.09
2020-07-24,25.84,0.09
2020-07-25,closed,0.09
2020-07-26,closed,0.09
2020-07-27,24.74,0.1
2020-07-28,25.44,0.1
2020-07-29,24.1,0.1
2020-07-30,24.76,0.1
2020-07-31,24.46,0.1
2020-08-01,closed,0.1
2020-08-02,closed,0.1
2020-08-03,24.28,0.1
2020-08-04,23.76,0.1
2020-08-05,22.99,0.1
2020-08-06,22.65,0.1
2020-08-07,22.21,0.1
2020-08-08,closed,0.1
2020-08-09,closed,0.1
2020-08-10,22.13,0.1
2020-08-11,24.03,0.1
2020-08-12,22.28,0.1
2020-08-13,22.13,0.1
2020-08-14,22.05,0.1
2020-08-15,closed,0.1
2020-08-16,closed,0.1
2020-08-17,21.35,0.1
2020-08-18,21.51,0.09
2020-08-19,22.54,0.09
2020-08-20,22.72,0.09
2020-08-21,22.54,0.09
2020-08-22,closed,0.09
2020-08-23,closed,0.09
2020-08-24,22.37,0.09
2020-08-25,22.03,0.09
2020-08-26,23.27,0.09
2020-08-27,24.47,0.08
2020-08-28,22.96,0.09
2020-08-29,closed,0.09
2020-08-30,closed,0.09
2020-08-31,26.41,0.09
2020-09-01,26.12,0.09
2020-09-02,26.57,0.09
2020-09-03,33.6,0.09
2020-09-04,30.75,0.09
2020-09-05,closed,0.09
2020-09-06,closed,0.09
2020-09-07,closed,0.09
2020-09-08,31.46,0.09
2020-09-09,28.81,0.09
2020-09-10,29.71,0.09
2020-09-11,26.87,0.09
2020-09-12,closed,0.09
2020-09-13,closed,0.09
2020-09-14,25.85,0.09
2020-09-15,25.59,0.09
2020-09-16,26.04,0.09
2020-09-17,26.46,0.09
2020-09-18,25.83,0.09
2020-09-19,closed,0.09
2020-09-20,closed,0.09
2020-09-21,27.78,0.09
2020-09-22,26.86,0.09
2020-09-23,28.58,0.09
2020-09-24,28.51,0.09
2020-09-25,26.38,0.09
2020-09-26,closed,0.09
2020-09-27,closed,0.09
2020-09-28,26.19,0.09
2020-09-29,26.27,0.09
2020-09-30,26.37,0.09
2020-10-01,26.7,0.09
2020-10-02,27.63,0.09
2020-10-03,closed,0.09
2020-10-04,closed,0.09
2020-10-05,27.96,0.09
2020-10-06,29.48,0.09
2020-10-07,28.06,0.09
2020-10-08,26.36,0.09
2020-10-09,25.0,0.09
2020-10-10,closed,0.09
2020-10-11,closed,0.09
2020-10-12,25.07,0.09
2020-10-13,26.07,0.09
2020-10-14,26.4,0.09
2020-10-15,26.97,0.09
2020-10-16,27.41,0.09
2020-10-17,closed,0.09
2020-10-18,closed,0.09
2020-10-19,29.18,0.09
2020-10-20,29.35,0.09
2020-10-21,28.65,0.09
2020-10-22,28.11,0.09
2020-10-23,27.55,0.09
2020-10-24,closed,0.09
2020-10-25,closed,0.09
2020-10-26,32.46,0.09
2020-10-27,33.35,0.09
2020-10-28,40.28,0.09
2020-10-29,37.59,0.09
2020-10-30,38.02,0.09
2020-10-31,closed,0.09
2020-11-01,closed,0.09
2020-11-02,37.13,0.09
2020-11-03,35.55,0.09
2020-11-04,29.57,0.09
2020-11-05,27.58,0.09
2020-11-06,24.86,0.09
2020-11-07,closed,0.09
2020-11-08,closed,0.09
2020-11-09,25.75,0.09
2020-11-10,24.8,0.09
2020-11-11,23.45,0.09
2020-11-12,25.35,0.09
2020-11-13,23.1,0.09
2020-11-14,closed,0.09
2020-11-15,closed,0.09
2020-11-16,22.45,0.09
2020-11-17,22.71,0.09
2020-11-18,23.84,0.09
2020-11-19,23.11,0.08
2020-11-20,23.7,0.08
2020-11-21,closed,0.08
2020-11-22,closed,0.08
2020-11-23,22.66,0.08
2020-11-24,21.64,0.08
2020-11-25,21.25,0.08
2020-11-26,closed,0.08
2020-11-27,20.84,0.08
2020-11-28,closed,0.08
2020-11-29,closed,0.08
2020-11-30,20.57,0.09
2020-12-01,20.77,0.09
2020-12-02,21.17,0.09
2020-12-03,21.28,0.09
2020-12-04,20.79,0.09
2020-12-05,closed,0.09
2020-12-06,closed,0.09
2020-12-07,21.3,0.09
2020-12-08,20.68,0.09
2020-12-09,22.27,0.09
2020-12-10,22.52,0.09
2020-12-11,23.31,0.09
2020-12-12,closed,0.09
2020-12-13,closed,0.09
2020-12-14,24.72,0.09
2020-12-15,22.89,0.09
2020-12-16,22.5,0.09
2020-12-17,21.93,0.09
2020-12-18,21.57,0.09
2020-12-19,closed,0.09
2020-12-20,closed,0.09
2020-12-21,25.16,0.09
2020-12-22,24.23,0.09
2020-12-23,23.31,0.09
2020-12-24,21.53,0.09
2020-12-25,closed,0.09
2020-12-26,closed,0.09
2020-12-27,closed,0.09
2020-12-28,21.7,0.09
2020-12-29,23.08,0.09
2020-12-30,22.77,0.09
2020-12-31,22.75,0.09
2021-01-01,closed,0.09
2021-01-02,closed,0.09
2021-01-03,closed,0.09
2021-01-04,26.97,0.09
2021-01-05,25.34,0.09
2021-01-06,25.07,0.09
2021-01-07,22.37,0.09
2021-01-08,21.56,0.09
2021-01-09,closed,0.09
2021-01-10,closed,0.09
2021-01-11,24.08,0.09
2021-01-12,23.33,0.09
2021-01-13,22.21,0.09
2021-01-14,23.25,0.09
2021-01-15,24.34,0.09
2021-01-16,closed,0.09
2021-01-17,closed,0.09
2021-01-18,closed,0.09
2021-01-19,23.24,0.09
2021-01-20,21.58,0.09
2021-01-21,21.32,0.08
2021-01-22,21.91,0.08
2021-01-23,closed,0.08
2021-01-24,closed,0.08
2021-01-25,23.19,0.08
2021-01-26,23.02,0.08
2021-01-27,37.21,0.08
2021-01-28,30.21,0.07
2021-01-29,33.09,0.07
2021-01-30,closed,0.07
2021-01-31,closed,0.07
2021-02-01,30.24,0.08
2021-02-02,25.56,0.08
2021-02-03,22.91,0.08
2021-02-04,21.77,0.08
2021-02-05,20.87,0.08
2021-02-06,closed,0.08
2021-02-07,closed,0.08
2021-02-08,21.24,0.07
2021-02-09,21.63,0.08
2021-02-10,21.99,0.08
2021-02-11,21.25,0.08
2021-02-12,19.97,0.08
2021-02-13,closed,0.08
2021-02-14,closed,0.08
2021-02-15,closed,0.08
2021-02-16,21.46,0.08
2021-02-17,21.5,0.08
2021-02-18,22.49,0.07
2021-02-19,22.05,0.07
2021-02-20,closed,0.07
2021-02-21,closed,0.07
2021-02-22,23.45,0.07
2021-02-23,23.11,0.07
2021-02-24,21.34,0.07
2021-02-25,28.89,0.07
2021-02-26,27.95,0.07
2021-02-27,closed,0.07
2021-02-28,closed,0.07
2021-03-01,23.35,0.07
2021-03-02,24.1,0.07
2021-03-03,26.67,0.07
2021-03-04,28.57,0.07
2021-03-05,24.66,0.07
2021-03-06,closed,0.07
2021-03-07,closed,0.07
2021-03-08,25.47,0.07
2021-03-09,24.03,0.07
2021-03-10,22.56,0.07
2021-03-11,21.91,0.07
2021-03-12,20.69,0.07
2021-03-13,closed,0.07
2021-03-14,closed,0.07
2021-03-15,20.03,0.07
2021-03-16,19.79,0.07
2021-03-17,19.23,0.07
2021-03-18,21.58,0.07
2021-03-19,20.95,0.07
2021-03-20,closed,0.07
2021-03-21,closed,0.07
2021-03-22,18.88,0.07
2021-03-23,20.3,0.07
2021-03-24,21.2,0.07
2021-03-25,19.81,0.07
2021-03-26,18.86,0.07
2021-03-27,closed,0.07
2021-03-28,closed,0.07
2021-03-29,20.74,0.07
2021-03-30,19.61,0.07
2021-03-31,19.4,0.06
2021-04-01,17.33,0.07
2021-04-02,closed,0.07
2021-04-03,closed,0.07
2021-04-04,closed,0.07
2021-04-05,17.91,0.07
2021-04-06,18.12,0.07
2021-04-07,17.16,0.07
2021-04-08,16.95,0.07
2021-04-09,16.69,0.07
2021-04-10,closed,0.07
2021-04-11,closed,0.07
2021-04-12,16.91,0.07
2021-04-13,16.65,0.07
2021-04-14,16.99,0.07
2021-04-15,16.57,0.07
2021-04-16,16.25,0.07
2021-04-17,closed,0.07
2021-04-18,closed,0.07
2021-04-19,17.29,0.07
2021-04-20,18.68,0.07
2021-04-21,17.5,0.07
2021-04-22,18.71,0.07
2021-04-23,17.33,0.07
2021-04-24,closed,0.07
2021-04-25,closed,0.07
2021-04-26,17.64,0.07
2021-04-27,17.56,0.07
2021-04-28,17.28,0.07
2021-04-29,17.61,0.06
2021-04-30,18.61,0.05
2021-05-01,closed,0.05
2021-05-02,closed,0.05
2021-05-03,18.31,0.06
2021-05-04,19.48,0.06
2021-05-05,19.15,0.06
2021-05-06,18.39,0.06
2021-05-07,16.69,0.06
2021-05-08,closed,0.06
2021-05-09,closed,0.06
2021-05-10,19.66,0.06
2021-05-11,21.84,0.06
2021-05-12,27.59,0.06
2021-05-13,23.13,0.06
2021-05-14,18.81,0.06
2021-05-15,closed,0.06
2021-05-16,closed,0.06
2021-05-17,19.72,0.06
2021-05-18,21.34,0.06
2021-05-19,22.18,0.06
2021-05-20,20.67,0.06
2021-05-21,20.15,0.06
2021-05-22,closed,0.06
2021-05-23,closed,0.06
2021-05-24,18.4,0.06
2021-05-25,18.84,0.06
2021-05-26,17.36,0.06
2021-05-27,16.74,0.06
2021-05-28,16.76,0.05
2021-05-29,closed,0.05
2021-05-30,closed,0.05
2021-05-31,closed,0.05
2021-06-01,17.9,0.06
2021-06-02,17.48,0.06
2021-06-03,18.04,0.06
2021-06-04,16.42,0.06
2021-06-05,closed,0.06
2021-06-06,closed,0.06
2021-06-07,16.42,0.06
2021-06-08,17.07,0.06
2021-06-09,17.89,0.06
2021-06-10,16.1,0.06
2021-06-11,15.65,0.06
2021-06-12,closed,0.06
2021-06-13,closed,0.06
2021-06-14,16.39,0.06
2021-06-15,17.02,0.06
2021-06-16,18.15,0.06
2021-06-17,17.75,0.1
2021-06-18,20.7,0.1
2021-06-19,closed,0.1
2021-06-20,closed,0.1
2021-06-21,17.89,0.1
2021-06-22,16.66,0.1
2021-06-23,16.32,0.1
2021-06-24,15.97,0.1
2021-06-25,15.62,0.1
2021-06-26,closed,0.1
2021-06-27,closed,0.1
2021-06-28,15.76,0.1
2021-06-29,16.02,0.1
2021-06-30,15.83,0.08
2021-07-01,15.48,0.1
2021-07-02,15.07,0.1
2021-07-03,closed,0.1
2021-07-04,closed,0.1
2021-07-05,closed,0.1
2021-07-06,16.44,0.1
2021-07-07,16.2,0.1
2021-07-08,19.0,0.1
2021-07-09,16.18,0.1
2021-07-10,closed,0.1
2021-07-11,closed,0.1
2021-07-12,16.17,0.1
2021-07-13,17.12,0.1
2021-07-14,16.33,0.1
2021-07-15,17.01,0.1
2021-07-16,18.45,0.1
2021-07-17,closed,0.1
2021-07-18,closed,0.1
2021-07-19,22.5,0.1
2021-07-20,19.73,0.1
2021-07-21,17.91,0.1
2021-07-22,17.69,0.1
2021-07-23,17.2,0.1
2021-07-24,closed,0.1
2021-07-25,closed,0.1
2021-07-26,17.58,0.1
2021-07-27,19.36,0.1
2021-07-28,18.31,0.1
2021-07-29,17.7,0.1
2021-07-30,18.24,0.07
2021-07-31,closed,0.07
2021-08-01,closed,0.07
2021-08-02,19.46,0.1
2021-08-03,18.04,0.1
2021-08-04,17.97,0.1
2021-08-05,17.28,0.1
2021-08-06,16.15,0.1
2021-08-07,closed,0.1
2021-08-08,closed,0.1
2021-08-09,16.72,0.1
2021-08-10,16.79,0.1
2021-08-11,16.06,0.1
2021-08-12,15.59,0.1
2021-08-13,15.45,0.1
2021-08-14,closed,0.1
2021-08-15,closed,0.1
2021-08-16,16.12,0.1
2021-08-17,17.91,0.1
2021-08-18,21.57,0.09
2021-08-19,21.67,0.09
2021-08-20,18.56,0.09
2021-08-21,closed,0.09
2021-08-22,closed,0.09
2021-08-23,17.15,0.09
2021-08-24,17.22,0.09
2021-08-25,16.79,0.09
2021-08-26,18.84,0.09
2021-08-27,16.39,0.08
2021-08-28,closed,0.08
2021-08-29,closed,0.08
2021-08-30,16.19,0.08
2021-08-31,16.48,0.06
2021-09-01,16.11,0.08
2021-09-02,16.41,0.08
2021-09-03,16.41,0.08
2021-09-04,closed,0.08
2021-09-05,closed,0.08
2021-09-06,closed,0.08
2021-09-07,18.14,0.08
2021-09-08,17.96,0.08
2021-09-09,18.8,0.08
2021-09-10,20.95,0.08
2021-09-11,closed,0.08
2021-09-12,closed,0.08
2021-09-13,19.37,0.08
2021-09-14,19.46,0.08
2021-09-15,18.18,0.08
2021-09-16,18.69,0.08
2021-09-17,20.81,0.08
2021-09-18,closed,0.08
2021-09-19,closed,0.08
2021-09-20,25.71,0.08
2021-09-21,24.36,0.08
2021-09-22,20.87,0.08
2021-09-23,18.63,0.08
2021-09-24,17.75,0.08
2021-09-25,closed,0.08
2021-09-26,closed,0.08
2021-09-27,18.76,0.08
2021-09-28,23.25,0.08
2021-09-29,22.56,0.08
2021-09-30,23.14,0.06
2021-10-01,21.15,0.08
2021-10-02,closed,0.08
2021-10-03,closed,0.08
2021-10-04,22.96,0.08
2021-10-05,21.3,0.08
2021-10-06,21.0,0.08
2021-10-07,19.54,0.08
2021-10-08,18.77,0.08
2021-10-09,closed,0.08
2021-10-10,closed,0.08
2021-10-11,20.0,0.08
2021-10-12,19.85,0.08
2021-10-13,18.64,0.08
2021-10-14,16.86,0.08
2021-10-15,16.3,0.08
2021-10-16,closed,0.08
2021-10-17,closed,0.08
2021-10-18,16.31,0.08
2021-10-19,15.7,0.08
2021-10-20,15.49,0.08
2021-10-21,15.01,0.08
2021-10-22,15.43,0.08
2021-10-23,closed,0.08
2021-10-24,closed,0.08
2021-10-25,15.24,0.08
2021-10-26,15.98,0.08
2021-10-27,16.98,0.08
2021-10-28,16.53,0.08
2021-10-29,16.26,0.07
2021-10-30,closed,0.07
2021-10-31,closed,0.07
2021-11-01,16.41,0.08
2021-11-02,16.03,0.08
2021-11-03,15.1,0.08
2021-11-04,15.44,0.08
2021-11-05,16.48,0.08
2021-11-06,closed,0.08
2021-11-07,closed,0.08
2021-11-08,17.22,0.08
2021-11-09,17.78,0.08
2021-11-10,18.73,0.08
2021-11-11,17.66,0.08
2021-11-12,16.29,0.08
2021-11-13,closed,0.08
2021-11-14,closed,0.08
2021-11-15,16.49,0.08
2021-11-16,16.37,0.08
2021-11-17,17.11,0.08
2021-11-18,17.59,0.08
2021-11-19,17.91,0.08
2021-11-20,closed,0.08
2021-11-21,closed,0.08
2021-11-22,19.17,0.08
2021-11-23,19.38,0.08
2021-11-24,18.58,0.08
2021-11-25,closed,0.08
2021-11-26,28.62,0.08
2021-11-27,closed,0.08
2021-11-28,closed,0.08
2021-11-29,22.96,0.08
2021-11-30,27.19,0.07
2021-12-01,31.12,0.08
2021-12-02,27.95,0.08
2021-12-03,30.67,0.08
2021-12-04,closed,0.08
2021-12-05,closed,0.08
2021-12-06,27.18,0.08
2021-12-07,21.89,0.08
2021-12-08,19.9,0.08
2021-12-09,21.58,0.08
2021-12-10,18.69,0.08
2021-12-11,closed,0.08
2021-12-12,closed,0.08
2021-12-13,20.31,0.08
2021-12-14,21.89,0.08
2021-12-15,19.29,0.08
2021-12-16,20.57,0.08
2021-12-17,21.57,0.08
2021-12-18,closed,0.08
2021-12-19,closed,0.08
2021-12-20,22.87,0.08
2021-12-21,21.01,0.08
2021-12-22,18.63,0.08
2021-12-23,17.96,0.08
2021-12-24,closed,0.08
2021-12-25,closed,0.08
2021-12-26,closed,0.08
2021-12-27,17.68,0.08
2021-12-28,17.54,0.08
2021-12-29,16.95,0.08
2021-12-30,17.33,0.08
2021-12-31,17.22,0.07
2022-01-01,closed,0.07
2022-01-02,closed,0.07
2022-01-03,16.6,0.08
2022-01-04,16.91,0.08
2022-01-05,19.73,0.08
2022-01-06,19.61,0.08
2022-01-07,18.76,0.08
2022-01-08,closed,0.08
2022-01-09,closed,0.08
2022-01-10,19.4,0.08
2022-01-11,18.41,0.08
2022-01-12,17.62,0.08
2022-01-13,20.31,0.08
2022-01-14,19.19,0.08
2022-01-15,closed,0.08
2022-01-16,closed,0.08
2022-01-17,closed,0.08
2022-01-18,22.79,0.08
2022-01-19,23.85,0.08
2022-01-20,25.59,0.08
2022-01-21,28.85,0.08
2022-01-22,closed,0.08
2022-01-23,closed,0.08
2022-01-24,29.9,0.08
2022-01-25,31.16,0.08
2022-01-26,31.96,0.08
2022-01-27,30.49,0.08
2022-01-28,27.66,0.08
2022-01-29,closed,0.08
2022-01-30,closed,0.08
2022-01-31,24.83,0.08
2022-02-01,21.96,0.08
2022-02-02,22.09,0.08
2022-02-03,24.35,0.08
2022-02-04,23.22,0.08
2022-02-05,closed,0.08
2022-02-06,closed,0.08
2022-02-07,22.86,0.08
2022-02-08,21.44,0.08
2022-02-09,19.96,0.08
2022-02-10,23.91,0.08
2022-02-11,27.36,0.08
2022-02-12,closed,0.08
2022-02-13,closed,0.08
2022-02-14,28.33,0.08
2022-02-15,25.7,0.08
2022-02-16,24.29,0.08
2022-02-17,28.11,0.08
2022-02-18,27.75,0.08
2022-02-19,closed,0.08
2022-02-20,closed,0.08
2022-02-21,closed,0.08
2022-02-22,28.81,0.08
2022-02-23,31.02,0.08
2022-02-24,30.32,0.08
2022-02-25,27.59,0.08
2022-02-26,closed,0.08
2022-02-27,closed,0.08
2022-02-28,30.15,0.08
2022-03-01,33.32,0.08
2022-03-02,30.74,0.08
2022-03-03,30.48,0.08
2022-03-04,31.98,0.08
2022-03-05,closed,0.08
2022-03-06,closed,0.08
2022-03-07,36.45,0.08
2022-03-08,35.13,0.08
2022-03-09,32.45,0.08
2022-03-10,30.23,0.08
2022-03-11,30.75,0.08
2022-03-12,closed,0.08
2022-03-13,closed,0.08
2022-03-14,31.77,0.08
2022-03-15,29.83,0.08
2022-03-16,26.67,0.08
2022-03-17,25.67,0.33
2022-03-18,23.87,0.33
2022-03-19,closed,0.33
2022-03-20,closed,0.33
2022-03-21,23.53,0.33
2022-03-22,22.94,0.33
2022-03-23,23.57,0.33
2022-03-24,21.67,0.33
2022-03-25,20.81,0.33
2022-03-26,closed,0.33
2022-03-27,closed,0.33
2022-03-28,19.63,0.33
2022-03-29,18.9,0.33
2022-03-30,19.33,0.33
2022-03-31,20.56,0.33
2022-04-01,19.63,0.33
2022-04-02,closed,0.33
2022-04-03,closed,0.33
2022-04-04,18.57,0.33
2022-04-05,21.03,0.33
2022-04-06,22.1,0.33
2022-04-07,21.55,0.33
2022-04-08,21.16,0.33
2022-04-09,closed,0.33
2022-04-10,closed,0.33
2022-04-11,24.37,0.33
2022-04-12,24.26,0.33
2022-04-13,21.82,0.33
2022-04-14,22.7,0.33
2022-04-15,closed,0.33
2022-04-16,closed,0.33
2022-04-17,closed,0.33
2022-04-18,22.17,0.33
2022-04-19,21.37,0.33
2022-04-20,20.32,0.33
2022-04-21,22.68,0.33
2022-04-22,28.21,0.33
2022-04-23,closed,0.33
2022-04-24,closed,0.33
2022-04-25,27.02,0.33
2022-04-26,33.52,0.33
2022-04-27,31.6,0.33
2022-04-28,29.99,0.33
2022-04-29,33.4,0.33
2022-04-30,closed,0.33
2022-05-01,closed,0.33
2022-05-02,32.34,0.33
2022-05-03,29.25,0.33
2022-05-04,25.42,0.33
2022-05-05,31.2,0.83
2022-05-06,30.19,0.83
2022-05-07,closed,0.83
2022-05-08,closed,0.83
2022-05-09,34.75,0.83
2022-05-10,32.99,0.83
2022-05-11,32.56,0.83
2022-05-12,31.77,0.83
2022-05-13,28.87,0.83
2022-05-14,closed,0.83
2022-05-15,closed,0.83
2022-05-16,27.47,0.83
2022-05-17,26.1,0.83
2022-05-18,30.96,0.83
2022-05-19,29.35,0.83
2022-05-20,29.43,0.83
2022-05-21,closed,0.83
2022-05-22,closed,0.83
2022-05-23,28.48,0.83
2022-05-24,29.45,0.83
2022-05-25,28.37,0.83
2022-05-26,27.5,0.83
2022-05-27,25.72,0.83
2022-05-28,closed,0.83
2022-05-29,closed,0.83
2022-05-30,26.54,0.83
2022-05-31,26.19,0.83
2022-06-01,25.69,0.83
2022-06-02,24.72,0.83
2022-06-03,24.79,0.83
2022-06-04,closed,0.83
2022-06-05,closed,0.83
2022-06-06,25.07,0.83
2022-06-07,24.02,0.83
2022-06-08,23.96,0.83
2022-06-09,26.09,0.83
2022-06-10,27.75,0.83
2022-06-11,closed,0.83
2022-06-12,closed,0.83
2022-06-13,34.02,0.83
2022-06-14,32.69,0.83
2022-06-15,29.62,0.83
2022-06-16,32.95,1.58
2022-06-17,31.13,1.58
2022-06-18,closed,1.58
2022-06-19,closed,1.58
2022-06-20,31.03,1.58
2022-06-21,30.19,1.58
2022-06-22,28.95,1.58
2022-06-23,29.05,1.58
2022-06-24,27.23,1.58
2022-06-25,closed,1.58
2022-06-26,closed,1.58
2022-06-27,26.95,1.58
2022-06-28,28.36,1.58
2022-06-29,28.16,1.58
2022-06-30,28.71,1.58
2022-07-01,26.7,1.58
2022-07-02,closed,1.58
2022-07-03,closed,1.58
2022-07-04,27.53,1.58
2022-07-05,27.54,1.58
2022-07-06,26.73,1.58
2022-07-07,26.08,1.58
2022-07-08,24.64,1.58
2022-07-09,closed,1.58
2022-07-10,closed,1.58
2022-07-11,26.17,1.58
2022-07-12,27.29,1.58
2022-07-13,26.82,1.58
2022-07-14,26.4,1.58
2022-07-15,24.23,1.58
2022-07-16,closed,1.58
2022-07-17,closed,1.58
2022-07-18,25.3,1.58
2022-07-19,24.5,1.58
2022-07-20,23.88,1.58
2022-07-21,23.11,1.58
2022-07-22,23.03,1.58
2022-07-23,closed,1.58
2022-07-24,closed,1.58
2022-07-25,23.36,1.58
2022-07-26,24.69,1.58
2022-07-27,23.24,1.58
2022-07-28,22.33,2.33
2022-07-29,21.33,2.32
2022-07-30,closed,2.32
2022-07-31,closed,2.32
2022-08-01,22.84,2.33
2022-08-02,23.93,2.33
2022-08-03,21.95,2.33
2022-08-04,21.44,2.33
2022-08-05,21.15,2.33
2022-08-06,closed,2.33
2022-08-07,closed,2.33
2022-08-08,21.29,2.33
2022-08-09,21.77,2.33
2022-08-10,19.74,2.33
2022-08-11,20.2,2.33
2022-08-12,19.53,2.33
2022-08-13,closed,2.33
2022-08-14,closed,2.33
2022-08-15,19.95,2.33
2022-08-16,19.69,2.33
2022-08-17,19.9,2.33
2022-08-18,19.56,2.33
2022-08-19,20.6,2.33
2022-08-20,closed,2.33
2022-08-21,closed,2.33
2022-08-22,23.8,2.33
2022-08-23,24.11,2.33
2022-08-24,22.82,2.33
2022-08-25,21.78,2.33
2022-08-26,25.56,2.33
2022-08-27,closed,2.33
2022-08-28,closed,2.33
2022-08-29,26.21,2.33
2022-08-30,26.21,2.33
2022-08-31,25.87,2.33
2022-09-01,25.56,2.33
2022-09-02,25.47,2.33
2022-09-03,closed,2.33
2022-09-04,closed,2.33
2022-09-05,25.99,2.33
2022-09-06,26.91,2.33
2022-09-07,24.64,2.33
2022-09-08,23.61,2.33
2022-09-09,22.79,2.33
2022-09-10,closed,2.33
2022-09-11,closed,2.33
2022-09-12,23.87,2.33
2022-09-13,27.27,2.33
2022-09-14,26.16,2.33
2022-09-15,26.27,2.33
2022-09-16,26.3,2.33
2022-09-17,closed,2.33
2022-09-18,closed,2.33
2022-09-19,25.76,2.33
2022-09-20,27.16,2.33
2022-09-21,27.99,2.33
2022-09-22,27.35,3.08
2022-09-23,29.92,3.08
2022-09-24,closed,3.08
2022-09-25,closed,3.08
2022-09-26,32.26,3.08
2022-09-27,32.6,3.08
2022-09-28,30.18,3.08
2022-09-29,31.84,3.08
2022-09-30,31.62,3.08
2022-10-01,closed,3.08
2022-10-02,closed,3.08
2022-10-03,30.1,3.08
2022-10-04,29.07,3.08
2022-10-05,28.55,3.08
2022-10-06,30.52,3.08
2022-10-07,31.36,3.08
2022-10-08,closed,3.08
2022-10-09,closed,3.08
2022-10-10,32.45,3.08
2022-10-11,33.63,3.08
2022-10-12,33.57,3.08
2022-10-13,31.94,3.08
2022-10-14,32.02,3.08
2022-10-15,closed,3.08
2022-10-16,closed,3.08
2022-10-17,31.37,3.08
2022-10-18,30.5,3.08
2022-10-19,30.76,3.08
2022-10-20,29.98,3.08
2022-10-21,29.69,3.08
2022-10-22,closed,3.08
2022-10-23,closed,3.08
2022-10-24,29.85,3.08
2022-10-25,28.46,3.08
2022-10-26,27.28,3.08
2022-10-27,27.39,3.08
2022-10-28,25.75,3.08
2022-10-29,closed,3.08
2022-10-30,closed,3.08
2022-10-31,25.88,3.08
2022-11-01,25.81,3.08
2022-11-02,25.86,3.08
2022-11-03,25.3,3.83
2022-11-04,24.55,3.83
2022-11-05,closed,3.83
2022-11-06,closed,3.83
2022-11-07,24.35,3.83
2022-11-08,25.54,3.83
2022-11-09,26.09,3.83
2022-11-10,23.53,3.83
2022-11-11,22.52,3.83
2022-11-12,closed,3.83
2022-11-13,closed,3.83
2022-11-14,23.73,3.83
2022-11-15,24.54,3.83
2022-11-16,24.11,3.83
2022-11-17,23.93,3.83
2022-11-18,23.12,3.83
2022-11-19,closed,3.83
2022-11-20,closed,3.83
2022-11-21,22.36,3.83
2022-11-22,21.29,3.83
2022-11-23,20.35,3.83
2022-11-24,20.42,3.83
2022-11-25,20.5,3.83
2022-11-26,closed,3.83
2022-11-27,closed,3.83
2022-11-28,22.21,3.83
2022-11-29,21.89,3.83
2022-11-30,20.58,3.83
2022-12-01,19.84,3.83
2022-12-02,19.06,3.83
2022-12-03,closed,3.83
2022-12-04,closed,3.83
2022-12-05,20.75,3.83
2022-12-06,22.17,3.83
2022-12-07,22.68,3.83
2022-12-08,22.29,3.83
2022-12-09,22.83,3.83
2022-12-10,closed,3.83
2022-12-11,closed,3.83
2022-12-12,25.0,3.83
2022-12-13,22.55,3.83
2022-12-14,21.14,3.83
2022-12-15,22.83,4.33
2022-12-16,22.62,4.33
2022-12-17,closed,4.33
2022-12-18,closed,4.33
2022-12-19,22.42,4.33
2022-12-20,21.48,4.33
2022-12-21,20.07,4.33
2022-12-22,21.97,4.33
2022-12-23,20.87,4.33
2022-12-24,closed,4.33
2022-12-25,closed,4.33
2022-12-26,closed,4.33
2022-12-27,21.65,4.33
2022-12-28,22.14,4.33
2022-12-29,21.44,4.33
2022-12-30,21.67,4.33
2022-12-31,closed,4.33
2023-01-01,closed,4.33
2023-01-02,closed,4.33
2023-01-03,22.9,4.33
2023-01-04,22.01,4.33
2023-01-05,22.46,4.33
2023-01-06,21.13,4.33
2023-01-07,closed,4.33
2023-01-08,closed,4.33
2023-01-09,21.97,4.33
2023-01-10,20.58,4.33
2023-01-11,21.09,4.33
2023-01-12,18.83,4.33
2023-01-13,18.35,4.33
2023-01-14,closed,4.33
2023-01-15,closed,4.33
2023-01-16,19.49,4.33
2023-01-17,19.36,4.33
2023-01-18,20.34,4.33
2023-01-19,20.52,4.33
2023-01-20,19.85,4.33
2023-01-21,closed,4.33
2023-01-22,closed,4.33
2023-01-23,19.81,4.33
2023-01-24,19.2,4.33
2023-01-25,19.08,4.33
2023-01-26,18.73,4.33
2023-01-27,18.51,4.33
2023-01-28,closed,4.33
2023-01-29,closed,4.33
2023-01-30,19.94,4.33
2023-01-31,19.4,4.33
2023-02-01,17.87,4.33
2023-02-02,18.73,4.58
2023-02-03,18.33,4.58
2023-02-04,closed,4.58
2023-02-05,closed,4.58
2023-02-06,19.43,4.58
2023-02-07,18.66,4.58
2023-02-08,19.63,4.58
2023-02-09,20.71,4.57
2023-02-10,20.53,4.58
2023-02-11,closed,4.58
2023-02-12,closed,4.58
2023-02-13,20.34,4.58
2023-02-14,18.91,4.58
2023-02-15,18.23,4.58
2023-02-16,20.17,4.58
2023-02-17,20.02,4.58
2023-02-18,closed,4.58
2023-02-19,closed,4.58
2023-02-20,21.23,4.58
2023-02-21,22.87,4.58
2023-02-22,22.29,4.58
2023-02-23,21.14,4.58
2023-02-24,21.67,4.58
2023-02-25,closed,4.58
2023-02-26,closed,4.58
2023-02-27,20.95,4.57
2023-02-28,20.7,4.57
2023-03-01,20.58,4.58
2023-03-02,19.59,4.57
2023-03-03,18.49,4.57
2023-03-04,closed,4.57
2023-03-05,closed,4.57
2023-03-06,18.61,4.57
2023-03-07,19.59,4.57
2023-03-08,19.11,4.57
2023-03-09,22.61,4.57
2023-03-10,24.8,4.57
2023-03-11,closed,4.57
2023-03-12,closed,4.57
2023-03-13,26.52,4.58
2023-03-14,23.73,4.58
2023-03-15,26.14,4.58
2023-03-16,22.99,4.58
2023-03-17,25.51,4.58
2023-03-18,closed,4.58
2023-03-19,closed,4.58
2023-03-20,24.15,4.58
2023-03-21,21.38,4.58
2023-03-22,22.26,4.58
2023-03-23,22.61,4.83
2023-03-24,21.74,4.83
2023-03-25,closed,4.83
2023-03-26,closed,4.83
2023-03-27,20.6,4.83
2023-03-28,19.97,4.83
2023-03-29,19.12,4.83
2023-03-30,19.02,4.83
2023-03-31,18.7,4.83
2023-04-01,closed,4.83
2023-04-02,closed,4.83
2023-04-03,18.55,4.83
2023-04-04,19.0,4.83
2023-04-05,19.08,4.83
2023-04-06,18.4,4.83
2023-04-07,closed,4.83
2023-04-08,closed,4.83
2023-04-09,closed,4.83
2023-04-10,18.97,4.83
2023-04-11,19.1,4.83
2023-04-12,19.09,4.83
2023-04-13,17.8,4.83
2023-04-14,17.07,4.83
2023-04-15,closed,4.83
2023-04-16,closed,4.83
2023-04-17,16.95,4.83
2023-04-18,16.83,4.83
2023-04-19,16.46,4.83
2023-04-20,17.17,4.83
2023-04-21,16.77,4.83
2023-04-22,closed,4.83
2023-04-23,closed,4.83
2023-04-24,16.89,4.83
2023-04-25,18.76,4.83
2023-04-26,18.84,4.83
2023-04-27,17.03,4.83
2023-04-28,15.78,4.83
2023-04-29,closed,4.83
2023-04-30,closed,4.83
2023-05-01,16.08,4.83
2023-05-02,17.78,4.83
2023-05-03,18.34,4.83
2023-05-04,20.09,5.08
2023-05-05,17.19,5.08
2023-05-06,closed,5.08
2023-05-07,closed,5.08
2023-05-08,16.98,5.08
2023-05-09,17.71,5.08
2023-05-10,16.94,5.08
2023-05-11,16.93,5.08
2023-05-12,17.03,5.08
2023-05-13,closed,5.08
2023-05-14,closed,5.08
2023-05-15,17.12,5.08
2023-05-16,17.99,5.08
2023-05-17,16.87,5.08
2023-05-18,16.05,5.08
2023-05-19,16.81,5.08
2023-05-20,closed,5.08
2023-05-21,closed,5.08
2023-05-22,17.21,5.08
2023-05-23,18.53,5.08
2023-05-24,20.03,5.08
2023-05-25,19.14,5.08
2023-05-26,17.95,5.08
2023-05-27,closed,5.08
2023-05-28,closed,5.08
2023-05-29,17.46,5.08
2023-05-30,17.46,5.08
2023-05-31,17.94,5.08
2023-06-01,15.65,5.08
2023-06-02,14.6,5.08
2023-06-03,closed,5.08
2023-06-04,closed,5.08
2023-06-05,14.73,5.08
2023-06-06,13.96,5.08
2023-06-07,13.94,5.08
2023-06-08,13.65,5.08
2023-06-09,13.83,5.08
2023-06-10,closed,5.08
2023-06-11,closed,5.08
2023-06-12,15.01,5.08
2023-06-13,14.61,5.08
2023-06-14,13.88,5.08
2023-06-15,14.5,5.07
2023-06-16,13.54,5.08
2023-06-17,closed,5.08
2023-06-18,closed,5.08
2023-06-19,14.19,5.08
2023-06-20,13.88,5.07
2023-06-21,13.2,5.07
2023-06-22,12.91,5.07
2023-06-23,13.44,5.07
2023-06-24,closed,5.07
2023-06-25,closed,5.07
2023-06-26,14.25,5.07
2023-06-27,13.74,5.07
2023-06-28,13.43,5.07
2023-06-29,13.54,5.07
2023-06-30,13.59,5.08
2023-07-01,closed,5.08
2023-07-02,closed,5.08
2023-07-03,13.57,5.08
2023-07-04,13.7,5.08
2023-07-05,14.18,5.08
2023-07-06,15.44,5.08
2023-07-07,14.83,5.08
2023-07-08,closed,5.08
2023-07-09,closed,5.08
2023-07-10,15.07,5.07
2023-07-11,14.84,5.08
2023-07-12,13.54,5.08
2023-07-13,13.61,5.08
2023-07-14,13.34,5.08
2023-07-15,closed,5.08
2023-07-16,closed,5.08
2023-07-17,13.48,5.08
2023-07-18,13.3,5.08
2023-07-19,13.76,5.08
2023-07-20,13.99,5.08
2023-07-21,13.6,5.08
2023-07-22,closed,5.08
2023-07-23,closed,5.08
2023-07-24,13.91,5.08
2023-07-25,13.86,5.08
2023-07-26,13.19,5.08
2023-07-27,14.41,5.33
2023-07-28,13.33,5.33
2023-07-29,closed,5.33
2023-07-30,closed,5.33
2023-07-31,13.63,5.33
2023-08-01,13.93,5.33
2023-08-02,16.09,5.33
2023-08-03,15.92,5.33
2023-08-04,17.1,5.33
2023-08-05,closed,5.33
2023-08-06,closed,5.33
2023-08-07,15.77,5.33
2023-08-08,15.99,5.33
2023-08-09,15.96,5.33
2023-08-10,15.85,5.33
2023-08-11,14.84,5.33
2023-08-12,closed,5.33
2023-08-13,closed,5.33
2023-08-14,14.82,5.33
2023-08-15,16.46,5.33
2023-08-16,16.78,5.33
2023-08-17,17.89,5.33
2023-08-18,17.3,5.33
2023-08-19,closed,5.33
2023-08-20,closed,5.33
2023-08-21,17.13,5.33
2023-08-22,16.97,5.33
2023-08-23,15.98,5.33
2023-08-24,17.2,5.33
2023-08-25,15.68,5.33
2023-08-26,closed,5.33
2023-08-27,closed,5.33
2023-08-28,15.08,5.33
2023-08-29,14.45,5.33
2023-08-30,13.88,5.33
2023-08-31,13.57,5.33
2023-09-01,13.09,5.33
2023-09-02,closed,5.33
2023-09-03,closed,5.33
2023-09-04,13.82,5.33
2023-09-05,14.01,5.33
2023-09-06,14.45,5.33
2023-09-07,14.4,5.33
2023-09-08,13.84,5.33
2023-09-09,closed,5.33
2023-09-10,closed,5.33
2023-09-11,13.8,5.33
2023-09-12,14.23,5.33
2023-09-13,13.48,5.33
2023-09-14,12.82,5.33
2023-09-15,13.79,5.33
2023-09-16,closed,5.33
2023-09-17,closed,5.33
2023-09-18,14.0,5.33
2023-09-19,14.11,5.33
2023-09-20,15.14,5.33
2023-09-21,17.54,5.33
2023-09-22,17.2,5.33
2023-09-23,closed,5.33
2023-09-24,closed,5.33
2023-09-25,16.9,5.33
2023-09-26,18.94,5.33
2023-09-27,18.22,5.33
2023-09-28,17.34,5.33
2023-09-29,17.52,5.33
2023-09-30,closed,5.33
2023-10-01,closed,5.33
2023-10-02,17.61,5.33
2023-10-03,19.78,5.33
2023-10-04,18.58,5.33
2023-10-05,18.49,5.33
2023-10-06,17.45,5.33
2023-10-07,closed,5.33
2023-10-08,closed,5.33
2023-10-09,17.7,5.33
2023-10-10,17.03,5.33
2023-10-11,16.09,5.33
2023-10-12,16.69,5.33
2023-10-13,19.32,5.33
2023-10-14,closed,5.33
2023-10-15,closed,5.33
2023-10-16,17.21,5.33
2023-10-17,17.88,5.33
2023-10-18,19.22,5.33
2023-10-19,21.4,5.33
2023-10-20,21.71,5.33
2023-10-21,closed,5.33
2023-10-22,closed,5.33
2023-10-23,20.37,5.33
2023-10-24,18.97,5.33
2023-10-25,20.19,5.33
2023-10-26,20.68,5.33
2023-10-27,21.27,5.33
2023-10-28,closed,5.33
2023-10-29,closed,5.33
2023-10-30,19.75,5.33
2023-10-31,18.14,5.33
2023-11-01,16.87,5.33
2023-11-02,15.66,5.33
2023-11-03,14.91,5.33
2023-11-04,closed,5.33
2023-11-05,closed,5.33
2023-11-06,14.89,5.33
2023-11-07,14.81,5.33
2023-11-08,14.45,5.33
2023-11-09,15.29,5.33
2023-11-10,14.17,5.33
2023-11-11,closed,5.33
2023-11-12,closed,5.33
2023-11-13,14.76,5.33
2023-11-14,14.16,5.33
2023-11-15,14.18,5.33
2023-11-16,14.32,5.33
2023-11-17,13.8,5.33
2023-11-18,closed,5.33
2023-11-19,closed,5.33
2023-11-20,13.41,5.33
2023-11-21,13.35,5.33
2023-11-22,12.85,5.33
2023-11-23,12.8,5.33
2023-11-24,12.46,5.33
2023-11-25,closed,5.33
2023-11-26,closed,5.33
2023-11-27,12.69,5.33
2023-11-28,12.69,5.33
2023-11-29,12.98,5.33
2023-11-30,12.92,5.33
2023-12-01,12.63,5.33
2023-12-02,closed,5.33
2023-12-03,closed,5.33
2023-12-04,13.08,5.33
2023-12-05,12.85,5.33
2023-12-06,12.97,5.33
2023-12-07,13.06,5.33
2023-12-08,12.35,5.33
2023-12-09,closed,5.33
2023-12-10,closed,5.33
2023-12-11,12.63,5.33
2023-12-12,12.07,5.33
2023-12-13,12.19,5.33
2023-12-14,12.48,5.33
2023-12-15,12.28,5.33
2023-12-16,closed,5.33
2023-12-17,closed,5.33
2023-12-18,12.56,5.33
2023-12-19,12.53,5.33
2023-12-20,13.67,5.33
2023-12-21,13.65,5.33
2023-12-22,13.03,5.33
2023-12-23,closed,5.33
2023-12-24,closed,5.33
2023-12-25,closed,5.33
2023-12-26,12.99,5.33
2023-12-27,12.43,5.33
2023-12-28,12.47,5.33
2023-12-29,12.45,5.33
2023-12-30,closed,5.33
2023-12-31,closed,5.33
2024-01-01,closed,5.33
2024-01-02,13.2,5.33
2024-01-03,14.04,5.33
2024-01-04,14.13,5.33
2024-01-05,13.35,5.33
2024-01-06,closed,5.33
2024-01-07,closed,5.33
2024-01-08,13.08,5.33
2024-01-09,12.76,5.33
2024-01-10,12.69,5.33
2024-01-11,12.44,5.33
2024-01-12,12.7,5.33
2024-01-13,closed,5.33
2024-01-14,closed,5.33
2024-01-15,13.25,5.33
2024-01-16,13.84,5.33
2024-01-17,14.79,5.33
2024-01-18,14.13,5.33
2024-01-19,13.3,5.33
2024-01-20,closed,5.33
2024-01-21,closed,5.33
2024-01-22,13.19,5.33
2024-01-23,12.55,5.33
2024-01-24,13.14,5.33
2024-01-25,13.45,5.33
2024-01-26,13.26,5.33
2024-01-27,closed,5.33
2024-01-28,closed,5.33
2024-01-29,13.6,5.33
2024-01-30,13.31,5.33
2024-01-31,14.35,5.33
2024-02-01,13.88,5.33
2024-02-02,13.85,5.33
2024-02-03,closed,5.33
2024-02-04,closed,5.33
2024-02-05,13.67,5.33
2024-02-06,13.06,5.33
2024-02-07,12.83,5.33
2024-02-08,12.79,5.33
2024-02-09,12.93,5.33
2024-02-10,closed,5.33
2024-02-11,closed,5.33
2024-02-12,13.93,5.33
2024-02-13,15.85,5.33
2024-02-14,14.38,5.33
2024-02-15,14.01,5.33
2024-02-16,14.24,5.33
2024-02-17,closed,5.33
2024-02-18,closed,5.33
2024-02-19,14.71,5.33
2024-02-20,15.42,5.33
2024-02-21,15.34,5.33
2024-02-22,14.54,5.33
2024-02-23,13.75,5.33
2024-02-24,closed,5.33
2024-02-25,closed,5.33
2024-02-26,13.74,5.33
2024-02-27,13.43,5.33
2024-02-28,13.84,5.33
2024-02-29,13.4,5.33
2024-03-01,13.11,5.33
2024-03-02,closed,5.33
2024-03-03,closed,5.33
2024-03-04,13.49,5.33
2024-03-05,14.46,5.33
2024-03-06,14.5,5.33
2024-03-07,14.44,5.33
2024-03-08,14.74,5.33
2024-03-09,closed,5.33
2024-03-10,closed,5.33
2024-03-11,15.22,5.33
2024-03-12,13.84,5.33
2024-03-13,13.75,5.33
2024-03-14,14.4,5.33
2024-03-15,14.41,5.33
2024-03-16,closed,5.33
2024-03-17,closed,5.33
2024-03-18,14.33,5.33
2024-03-19,13.82,5.33
2024-03-20,13.04,5.33
2024-03-21,12.92,5.33
2024-03-22,13.06,5.33
2024-03-23,closed,5.33
2024-03-24,closed,5.33
2024-03-25,13.19,5.33
2024-03-26,13.24,5.33
2024-03-27,12.78,5.33
2024-03-28,13.01,5.33
2024-03-29,closed,5.33
2024-03-30,closed,5.33
2024-03-31,closed,5.33
2024-04-01,13.65,5.33
2024-04-02,14.61,5.33
2024-04-03,14.33,5.33
2024-04-04,16.35,5.33
2024-04-05,16.03,5.33
2024-04-06,closed,5.33
2024-04-07,closed,5.33
2024-04-08,15.19,5.33
2024-04-09,14.98,5.33
2024-04-10,15.8,5.33
2024-04-11,14.91,5.33
2024-04-12,17.31,5.33
2024-04-13,closed,5.33
2024-04-14,closed,5.33
2024-04-15,19.23,5.33
2024-04-16,18.4,5.33
2024-04-17,18.21,5.33
2024-04-18,18.0,5.33
2024-04-19,18.71,5.33
2024-04-20,closed,5.33
2024-04-21,closed,5.33
2024-04-22,16.94,5.33
2024-04-23,15.69,5.33
2024-04-24,15.97,5.33
2024-04-25,15.37,5.33
2024-04-26,15.03,5.33
2024-04-27,closed,5.33
2024-04-28,closed,5.33
2024-04-29,14.67,5.33
2024-04-30,15.65,5.33
2024-05-01,15.39,5.33
2024-05-02,14.68,5.33
2024-05-03,13.49,5.33
2024-05-04,closed,5.33
2024-05-05,closed,5.33
2024-05-06,13.49,5.33
2024-05-07,13.23,5.33
2024-05-08,13.0,5.33
2024-05-09,12.69,5.33
2024-05-10,12.55,5.33
2024-05-11,closed,5.33
2024-05-12,closed,5.33
2024-05-13,13.6,5.33
2024-05-14,13.42,5.33
2024-05-15,12.45,5.33
2024-05-16,12.42,5.33
2024-05-17,11.99,5.33
2024-05-18,closed,5.33
2024-05-19,closed,5.33
2024-05-20,12.15,5.33
2024-05-21,11.86,5.33
2024-05-22,12.29,5.33
2024-05-23,12.77,5.33
2024-05-24,11.93,5.33
2024-05-25,closed,5.33
2024-05-26,closed,5.33
2024-05-27,12.36,5.33
2024-05-28,12.92,5.33
2024-05-29,14.28,5.33
2024-05-30,14.47,5.33
2024-05-31,12.92,5.33
2024-06-01,closed,5.33
2024-06-02,closed,5.33
2024-06-03,13.11,5.33
2024-06-04,13.16,5.33
2024-06-05,12.63,5.33
2024-06-06,12.58,5.33
2024-06-07,12.22,5.33
2024-06-08,closed,5.33
2024-06-09,closed,5.33
2024-06-10,12.74,5.33
2024-06-11,12.85,5.33
2024-06-12,12.04,5.33
2024-06-13,11.94,5.33
2024-06-14,12.66,5.33
2024-06-15,closed,5.33
2024-06-16,closed,5.33
2024-06-17,12.75,5.33
2024-06-18,12.3,5.33
2024-06-19,12.48,5.33
2024-06-20,13.28,5.33
2024-06-21,13.2,5.33
2024-06-22,closed,5.33
2024-06-23,closed,5.33
2024-06-24,13.33,5.33
2024-06-25,12.84,5.33
2024-06-26,12.55,5.33
2024-06-27,12.24,5.33
2024-06-28,12.44,5.33
2024-06-29,closed,5.33
2024-06-30,closed,5.33
2024-07-01,12.22,5.33
2024-07-02,12.03,5.33
2024-07-03,12.09,5.33
2024-07-04,12.26,5.33
2024-07-05,12.48,5.33
2024-07-06,closed,5.33
2024-07-07,closed,5.33
2024-07-08,12.37,5.33
2024-07-09,12.51,5.33
2024-07-10,12.85,5.33
2024-07-11,12.92,5.33
2024-07-12,12.46,5.33
2024-07-13,closed,5.33
2024-07-14,closed,5.33
2024-07-15,13.12,5.33
2024-07-16,13.19,5.33
2024-07-17,14.48,5.33
2024-07-18,15.93,5.33
2024-07-19,16.52,5.33
2024-07-20,closed,5.33
2024-07-21,closed,5.33
2024-07-22,14.91,5.33
2024-07-23,14.72,5.33
2024-07-24,18.04,5.33
2024-07-25,18.46,5.33
2024-07-26,16.39,5.33
2024-07-27,closed,5.33
2024-07-28,closed,5.33
2024-07-29,16.6,5.33
2024-07-30,17.69,5.33
2024-07-31,16.36,5.33
2024-08-01,18.59,5.33
2024-08-02,23.39,5.33
2024-08-03,closed,5.33
2024-08-04,closed,5.33
2024-08-05,38.57,5.33
2024-08-06,27.71,5.33
2024-08-07,27.85,5.33
2024-08-08,23.79,5.33
2024-08-09,20.37,5.33
2024-08-10,closed,5.33
2024-08-11,closed,5.33
2024-08-12,20.71,5.33
2024-08-13,18.12,5.33
2024-08-14,16.19,5.33
2024-08-15,15.23,5.33
2024-08-16,14.8,5.33
2024-08-17,closed,5.33
2024-08-18,closed,5.33
2024-08-19,14.65,5.33
2024-08-20,15.88,5.33
2024-08-21,16.27,5.33
2024-08-22,17.55,5.33
2024-08-23,15.86,5.33
2024-08-24,closed,5.33
2024-08-25,closed,5.33
2024-08-26,16.15,5.33
2024-08-27,15.43,5.33
2024-08-28,17.11,5.33
2024-08-29,15.65,5.33
2024-08-30,15.0,5.33
2024-08-31,closed,5.33
2024-09-01,closed,5.33
2024-09-02,15.55,5.33
2024-09-03,20.72,5.33
2024-09-04,21.32,5.33
2024-09-05,19.9,5.33
2024-09-06,22.38,5.33
2024-09-07,closed,5.33
2024-09-08,closed,5.33
2024-09-09,19.45,5.33
2024-09-10,19.08,5.33
2024-09-11,17.69,5.33
2024-09-12,17.07,5.33
2024-09-13,16.56,5.33
2024-09-14,closed,5.33
2024-09-15,closed,5.33
2024-09-16,17.14,5.33
2024-09-17,17.61,5.33
2024-09-18,18.23,5.33
2024-09-19,16.33,4.83
2024-09-20,16.15,4.83
2024-09-21,closed,4.83
2024-09-22,closed,4.83
2024-09-23,15.89,4.83
2024-09-24,15.39,4.83
2024-09-25,15.41,4.83
2024-09-26,15.37,4.83
2024-09-27,16.96,4.83
2024-09-28,closed,4.83
2024-09-29,closed,4.83
2024-09-30,16.73,4.83
2024-10-01,19.26,4.83
2024-10-02,18.9,4.83
2024-10-03,20.49,4.83
2024-10-04,19.21,4.83
2024-10-05,closed,4.83
2024-10-06,closed,4.83
2024-10-07,22.64,4.83
2024-10-08,21.42,4.83
2024-10-09,20.86,4.83
2024-10-10,20.93,4.83
2024-10-11,20.46,4.83
2024-10-12,closed,4.83
2024-10-13,closed,4.83
2024-10-14,19.7,4.83
2024-10-15,20.64,4.83
2024-10-16,19.58,4.83
2024-10-17,19.11,4.83
2024-10-18,18.03,4.83
2024-10-19,closed,4.83
2024-10-20,closed,4.83
2024-10-21,18.37,4.83
2024-10-22,18.2,4.83
2024-10-23,19.24,4.83
2024-10-24,19.08,4.83
2024-10-25,20.33,4.83
2024-10-26,closed,4.83
2024-10-27,closed,4.83
2024-10-28,19.8,4.83
2024-10-29,19.34,4.83
2024-10-30,20.35,4.83
2024-10-31,23.16,4.83
2024-11-01,21.88,4.83
2024-11-02,closed,4.83
2024-11-03,closed,4.83
2024-11-04,21.98,4.83
2024-11-05,20.49,4.83
2024-11-06,16.27,4.83
2024-11-07,15.2,4.83
2024-11-08,14.94,4.58
2024-11-09,closed,4.58
2024-11-10,closed,4.58
2024-11-11,14.97,4.58
2024-11-12,14.71,4.58
2024-11-13,14.02,4.58
2024-11-14,14.31,4.58
2024-11-15,16.14,4.58
2024-11-16,closed,4.58
2024-11-17,closed,4.58
2024-11-18,15.58,4.58
2024-11-19,16.35,4.58
2024-11-20,17.16,4.58
2024-11-21,16.87,4.58
2024-11-22,15.24,4.58
2024-11-23,closed,4.58
2024-11-24,closed,4.58
2024-11-25,14.6,4.58
2024-11-26,14.1,4.58
2024-11-27,14.1,4.58
2024-11-28,13.9,4.58
2024-11-29,13.51,4.58
2024-11-30,closed,4.58
2024-12-01,closed,4.58
2024-12-02,13.34,4.58
2024-12-03,13.3,4.58
2024-12-04,13.45,4.58
2024-12-05,13.54,4.58
2024-12-06,12.77,4.58
2024-12-07,closed,4.58
2024-12-08,closed,4.58
2024-12-09,14.19,4.58
2024-12-10,14.18,4.58
2024-12-11,13.58,4.58
2024-12-12,13.92,4.58
2024-12-13,13.81,4.58
2024-12-14,closed,4.58
2024-12-15,closed,4.58
2024-12-16,14.69,4.58
2024-12-17,15.87,4.58
2024-12-18,27.62,4.58
2024-12-19,24.09,4.33
2024-12-20,18.36,4.33
2024-12-21,closed,4.33
2024-12-22,closed,4.33
2024-12-23,16.78,4.33
2024-12-24,14.27,4.33
2024-12-25,closed,4.33
2024-12-26,14.73,4.33
2024-12-27,15.95,4.33
2024-12-28,closed,4.33
2024-12-29,closed,4.33
2024-12-30,17.4,4.33
2024-12-31,17.35,4.33
2025-01-01,closed,4.33
2025-01-02,17.93,4.33
2025-01-03,16.13,4.33
2025-01-04,closed,4.33
2025-01-05,closed,4.33
2025-01-06,16.04,4.33
2025-01-07,17.82,4.33
2025-01-08,17.7,4.33
2025-01-09,18.07,4.33
2025-01-10,19.54,4.33
2025-01-11,closed,4.33
2025-01-12,closed,4.33
2025-01-13,19.19,4.33
2025-01-14,18.71,4.33
2025-01-15,16.12,4.33
2025-01-16,16.6,4.33
2025-01-17,15.97,4.33
2025-01-18,closed,4.33
2025-01-19,closed,4.33
2025-01-20,15.81,4.33
2025-01-21,15.06,4.33
2025-01-22,15.1,4.33
2025-01-23,15.02,4.33
2025-01-24,14.85,4.33
2025-01-25,closed,4.33
2025-01-26,closed,4.33
2025-01-27,17.9,4.33
2025-01-28,16.41,4.33
2025-01-29,16.56,4.33
2025-01-30,15.84,4.33
2025-01-31,16.43,4.33
2025-02-01,closed,4.33
2025-02-02,closed,4.33
2025-02-03,18.62,4.33
2025-02-04,17.21,4.33
2025-02-05,15.77,4.33
2025-02-06,15.5,4.33
2025-02-07,16.54,4.33
2025-02-08,closed,4.33
2025-02-09,closed,4.33
2025-02-10,15.81,4.33
2025-02-11,16.02,4.33
2025-02-12,15.89,4.33
2025-02-13,15.1,4.33
2025-02-14,14.77,4.33
2025-02-15,closed,4.33
2025-02-16,closed,4.33
2025-02-17,15.37,4.33
2025-02-18,15.35,4.33
2025-02-19,15.27,4.33
2025-02-20,15.66,4.33
2025-02-21,18.21,4.33
2025-02-22,closed,4.33
2025-02-23,closed,4.33
2025-02-24,18.98,4.33
2025-02-25,19.43,4.33
2025-02-26,19.1,4.33
2025-02-27,21.13,4.33
2025-02-28,19.63,4.33
2025-03-01,closed,4.33
2025-03-02,closed,4.33
2025-03-03,22.78,4.33
2025-03-04,23.51,4.33
2025-03-05,21.93,4.33
2025-03-06,24.87,4.33
2025-03-07,23.37,4.33
2025-03-08,closed,4.33
2025-03-09,closed,4.33
2025-03-10,27.86,4.33
2025-03-11,26.92,4.33
2025-03-12,24.23,4.33
2025-03-13,24.66,4.33
2025-03-14,21.77,4.33
2025-03-15,closed,4.33
2025-03-16,closed,4.33
2025-03-17,20.51,4.33
2025-03-18,21.7,4.33
2025-03-19,19.9,4.33
2025-03-20,19.8,4.33
2025-03-21,19.28,4.33
2025-03-22,closed,4.33
2025-03-23,closed,4.33
2025-03-24,17.48,4.33
2025-03-25,17.15,4.33
2025-03-26,18.33,4.33
2025-03-27,18.69,4.33
2025-03-28,21.65,4.33
2025-03-29,closed,4.33
2025-03-30,closed,4.33
2025-03-31,22.28,4.33
2025-04-01,21.77,4.33
2025-04-02,21.51,4.33
2025-04-03,30.02,4.33
2025-04-04,45.31,4.33
2025-04-05,closed,4.33
2025-04-06,closed,4.33
2025-04-07,46.98,4.33
2025-04-08,52.33,4.33
2025-04-09,33.62,4.33
2025-04-10,40.72,4.33
2025-04-11,37.56,4.33
2025-04-12,closed,4.33
2025-04-13,closed,4.33
2025-04-14,30.89,4.33
2025-04-15,30.12,4.33
2025-04-16,32.64,4.33
2025-04-17,29.65,4.33
2025-04-18,closed,4.33
2025-04-19,closed,4.33
2025-04-20,closed,4.33
2025-04-21,33.82,4.33
2025-04-22,30.57,4.33
2025-04-23,28.45,4.33
2025-04-24,26.47,4.33
2025-04-25,24.84,4.33
2025-04-26,closed,4.33
2025-04-27,closed,4.33
2025-04-28,25.15,4.33
2025-04-29,24.17,4.33
2025-04-30,24.7,4.33
2025-05-01,24.6,4.33
2025-05-02,22.68,4.33
2025-05-03,closed,4.33
2025-05-04,closed,4.33
2025-05-05,23.64,4.33
2025-05-06,24.76,4.33
2025-05-07,23.55,4.33
2025-05-08,22.48,4.33
2025-05-09,21.9,4.33
2025-05-10,closed,4.33
2025-05-11,closed,4.33
2025-05-12,18.39,4.33
2025-05-13,18.22,4.33
2025-05-14,18.62,4.33
2025-05-15,17.83,4.33
2025-05-16,17.24,4.33
2025-05-17,closed,4.33
2025-05-18,closed,4.33
2025-05-19,18.14,4.33
2025-05-20,18.09,4.33
2025-05-21,20.87,4.33
2025-05-22,20.28,4.33
2025-05-23,22.29,4.33
2025-05-24,closed,4.33
2025-05-25,closed,4.33
2025-05-26,20.57,4.33
2025-05-27,18.96,4.33
2025-05-28,19.31,4.33
2025-05-29,19.18,4.33
2025-05-30,18.57,4.33
2025-05-31,closed,4.33
2025-06-01,closed,4.33
2025-06-02,18.36,4.33
2025-06-03,17.69,4.33
2025-06-04,17.61,4.33
2025-06-05,18.48,4.33
2025-06-06,16.77,4.33
2025-06-07,closed,4.33
2025-06-08,closed,4.33
2025-06-09,17.16,4.33
2025-06-10,16.95,4.33
2025-06-11,17.26,4.33
2025-06-12,18.02,4.33
2025-06-13,20.82,4.33
2025-06-14,closed,4.33
2025-06-15,closed,4.33
2025-06-16,19.11,4.33
2025-06-17,21.6,4.33
2025-06-18,20.14,4.33
2025-06-19,22.17,4.33
2025-06-20,20.62,4.33
2025-06-21,closed,4.33
2025-06-22,closed,4.33
2025-06-23,19.83,4.33
2025-06-24,17.48,4.33
2025-06-25,16.76,4.33
2025-06-26,16.59,4.33
2025-06-27,16.32,4.33
2025-06-28,closed,4.33
2025-06-29,closed,4.33
2025-06-30,16.73,4.33
2025-07-01,16.83,4.33
2025-07-02,16.64,4.33
2025-07-03,16.38,4.33
2025-07-04,17.48,4.33
2025-07-05,closed,4.33
2025-07-06,closed,4.33
2025-07-07,17.79,4.33
2025-07-08,16.81,4.33
2025-07-09,15.94,4.33
2025-07-10,15.78,4.33
2025-07-11,16.4,4.33
2025-07-12,closed,4.33
2025-07-13,closed,4.33
2025-07-14,17.2,4.33
2025-07-15,17.38,4.33
2025-07-16,17.16,4.33
2025-07-17,16.52,4.33
2025-07-18,16.41,4.33
2025-07-19,closed,4.33
2025-07-20,closed,4.33
2025-07-21,16.65,4.33
2025-07-22,16.5,4.33
2025-07-23,15.37,4.33
2025-07-24,15.39,4.33
2025-07-25,14.93,4.33
2025-07-26,closed,4.33
2025-07-27,closed,4.33
2025-07-28,15.03,4.33
2025-07-29,15.98,4.33
2025-07-30,15.48,4.33
2025-07-31,16.72,4.33
2025-08-01,20.38,4.33
2025-08-02,closed,4.33
2025-08-03,closed,4.33
2025-08-04,17.52,4.33
2025-08-05,17.85,4.33
2025-08-06,16.77,4.33
2025-08-07,16.57,4.33
2025-08-08,15.15,4.33
2025-08-09,closed,4.33
2025-08-10,closed,4.33
2025-08-11,16.25,4.33
2025-08-12,14.73,4.33
2025-08-13,14.49,4.33
2025-08-14,14.83,4.33
2025-08-15,15.09,4.33
2025-08-16,closed,4.33
2025-08-17,closed,4.33
2025-08-18,14.99,4.33
2025-08-19,15.57,4.33
2025-08-20,15.69,4.33
2025-08-21,16.6,4.33
2025-08-22,14.22,4.33
2025-08-23,closed,4.33
2025-08-24,closed,4.33
2025-08-25,14.79,4.33
2025-08-26,14.62,4.33
2025-08-27,14.85,4.33
2025-08-28,14.43,4.33
2025-08-29,15.36,4.33
2025-08-30,closed,4.33
2025-08-31,closed,4.33
2025-09-01,16.12,4.33
2025-09-02,17.17,4.33
2025-09-03,16.35,4.33
2025-09-04,15.3,4.33
2025-09-05,15.18,4.33
2025-09-06,closed,4.33
2025-09-07,closed,4.33
2025-09-08,15.11,4.33
2025-09-09,15.04,4.33
2025-09-10,15.35,4.33
2025-09-11,14.71,4.33
2025-09-12,14.76,4.33
2025-09-13,closed,4.33
2025-09-14,closed,4.33
2025-09-15,15.69,4.33
2025-09-16,16.36,4.33
2025-09-17,15.72,4.33
2025-09-18,15.7,4.08
2025-09-19,15.45,4.08
2025-09-20,closed,4.08
2025-09-21,closed,4.08
2025-09-22,16.1,4.09
2025-09-23,16.64,4.09
2025-09-24,16.18,4.09
2025-09-25,16.74,4.09
2025-09-26,15.29,4.09
2025-09-27,closed,4.09
2025-09-28,closed,4.09
2025-09-29,16.12,4.09
2025-09-30,16.28,4.09
2025-10-01,16.29,4.09
2025-10-02,16.63,4.09
2025-10-03,16.65,4.09
2025-10-04,closed,4.09
2025-10-05,closed,4.09
2025-10-06,16.37,4.09
2025-10-07,17.24,4.09
2025-10-08,16.3,4.1
2025-10-09,16.43,4.1
2025-10-10,21.66,4.1
2025-10-11,closed,4.1
2025-10-12,closed,4.1
2025-10-13,19.03,4.1
2025-10-14,20.81,4.1
2025-10-15,20.64,4.1
2025-10-16,25.31,4.11
2025-10-17,20.78,4.11
2025-10-18,closed,4.11
2025-10-19,closed,4.11
2025-10-20,18.23,4.11
2025-10-21,17.87,4.11
2025-10-22,18.6,4.11
2025-10-23,17.3,4.11
2025-10-24,16.37,4.11
2025-10-25,closed,4.11
2025-10-26,closed,4.11
2025-10-27,15.79,4.12
2025-10-28,16.42,4.12
2025-10-29,16.92,4.12
2025-10-30,16.91,3.87
2025-10-31,17.44,3.86
2025-11-01,closed,3.86
2025-11-02,closed,3.86
2025-11-03,17.17,3.87
2025-11-04,19.0,3.87
2025-11-05,18.01,3.87
2025-11-06,19.5,3.87
2025-11-07,19.08,3.87
2025-11-08,closed,3.87
2025-11-09,closed,3.87
2025-11-10,17.6,3.87
2025-11-11,17.28,3.87
2025-11-12,17.51,3.87
2025-11-13,20.0,3.88
2025-11-14,19.83,3.88
2025-11-15,closed,3.88
2025-11-16,closed,3.88
2025-11-17,22.38,3.88
2025-11-18,24.69,3.88
2025-11-19,23.66,3.88
2025-11-20,26.42,3.88
2025-11-21,23.43,3.88
2025-11-22,closed,3.88
2025-11-23,closed,3.88
2025-11-24,20.52,3.88
2025-11-25,18.56,3.88
2025-11-26,17.19,3.88
2025-11-27,17.21,3.88
2025-11-28,16.35,3.89
2025-11-29,closed,3.89
2025-11-30,closed,3.89
2025-12-01,17.24,3.89
2025-12-02,16.59,3.89
2025-12-03,16.08,3.89
2025-12-04,15.78,3.89
2025-12-05,15.41,3.89
2025-12-06,closed,3.89
2025-12-07,closed,3.89
2025-12-08,16.66,3.89
2025-12-09,16.93,3.89
2025-12-10,15.77,3.89
2025-12-11,14.85,3.64
2025-12-12,15.74,3.64
2025-12-13,closed,3.64
2025-12-14,closed,3.64
2025-12-15,16.5,3.64
2025-12-16,16.48,3.64
2025-12-17,17.62,3.64
2025-12-18,16.87,3.64
2025-12-19,14.91,3.64
2025-12-20,closed,3.64
2025-12-21,closed,3.64
2025-12-22,14.08,3.64
2025-12-23,14.0,3.64
2025-12-24,13.47,3.64
2025-12-25,closed,3.64
2025-12-26,13.6,3.64
2025-12-27,closed,3.64
2025-12-28,closed,3.64
2025-12-29,14.2,3.64
2025-12-30,14.33,3.64
2025-12-31,14.95,3.64
2026-01-01,closed,3.64
2026-01-02,14.51,3.64
2026-01-03,closed,3.64
2026-01-04,closed,3.64
2026-01-05,14.9,3.64
2026-01-06,14.75,3.64
2026-01-07,15.38,3.64
2026-01-08,15.45,3.64
2026-01-09,14.49,3.64
2026-01-10,closed,3.64
2026-01-11,closed,3.64
2026-01-12,15.12,3.64
2026-01-13,15.98,3.64
2026-01-14,16.75,3.64
2026-01-15,15.84,3.64
2026-01-16,15.86,3.64
2026-01-17,closed,3.64
2026-01-18,closed,3.64
2026-01-19,18.84,3.64
2026-01-20,20.09,3.64
2026-01-21,16.9,3.64
2026-01-22,15.64,3.64
2026-01-23,16.09,3.64
2026-01-24,closed,3.64
2026-01-25,closed,3.64
2026-01-26,16.15,3.64
2026-01-27,16.35,3.64
2026-01-28,16.35,3.64
2026-01-29,16.88,3.64
2026-01-30,17.44,3.64
2026-01-31,closed,3.64
2026-02-01,closed,3.64
2026-02-02,16.34,3.64
2026-02-03,18.0,3.64
2026-02-04,18.64,3.64
2026-02-05,21.77,3.64
2026-02-06,17.76,3.64
2026-02-07,closed,3.64
2026-02-08,closed,3.64
2026-02-09,17.36,3.64
2026-02-10,17.79,3.64
2026-02-11,17.65,3.64
2026-02-12,20.82,3.64
2026-02-13,20.6,3.64
2026-02-14,closed,3.64
2026-02-15,closed,3.64
2026-02-16,21.2,3.64
2026-02-17,20.29,3.64
2026-02-18,19.62,3.64
